first_name,last_name,email,gender,ip_address
Mildred,Hernandez,mhernandez0@github.io,Female,38.194.51.128
Bonnie,Ortiz,bortiz1@cyberchimps.com,Female,197.54.209.129
Dennis,Henry,dhenry2@hubpages.com,Male,155.75.186.217
Justin,Hansen,jhansen3@360.cn,Male,251.166.224.119
Carlos,Garcia,cgarcia4@github.io.com,Male,57.171.52.110
Ernest,Reid,ereid5@rediff.com,Male,243.219.170.46
Gary,Henderson,ghenderson6@acquirethisname.com,Male,30.97.220.14
Dennis,Henderson,dhenderson7@chicagotribune.com,Male,27.122.100.11
Norma,Allen,nallen8@cnet.com,Female,168.67.162.1
Lillian,Lawrence,llawrence9@github.io,Female,190.106.124.105
Irene,Crawford,icrawfordatinyurl.com,Female,156.30.64.85
Shirley,Alvarez,salvarezb@wix.com,Female,233.224.134.184
Patricia,Sims,psimsc@twitter.com,Female,235.115.22.151
Deborah,Jones,djonesd@twitpic.com,Female,248.227.60.4
Joyce,Sanchez,jsancheze@ezinearticles.com,Female,246.105.133.101
Joe,Washington,jwashingtonf@jimdo.com,Male,60.176.60.134
Anna,Rivera,ariverag@whitehouse.gov,Female,105.158.80.2
Lori,Elliott,lelliotth@cbc.ca,Female,160.108.154.74
Adam,Murphy,amurphyi@php.net,Male,170.254.122.46
Jennifer,Alvarez,jalvarezj@so-net.ne.jp,Female,134.159.78.11
Wanda,Lewis,wlewisk@woothemes.com,Female,25.32.100.250
Lori,Burns,lburnsl@reference.com,Female,213.155.201.97
Tammy,Hart,thartm@tiny.cc,Female,217.49.26.167
Lori,Williams,lwilliamsn@go.com,Female,228.82.8.14
Amy,Bell,abello@yolasite.com,Female,161.54.107.191
Robert,Hunter,rhunterp@rakuten.co.jp,Male,130.35.232.64
Gregory,Ryan,gryanq@fema.gov,Male,188.242.255.152
Andrew,Morgan,amorganr@google.fr,Male,3.184.160.117
Peter,Day,pdays@topsy.com,Male,0.24.246.12
Emily,Campbell,ecampbellt@prweb.com,Female,5.94.29.91
Stephen,Butler,sbutleru@sun.com,Male,2.204.190.77
Anne,Arnold,aarnoldv@eepurl.com,Female,64.48.142.241
James,Dean,jdeanw@domainmarket.com,Male,61.166.88.144
Billy,Mendoza,bmendozax@unc.edu,Male,99.107.93.237
Ernest,Chapman,echapmany@nyu.edu,Male,36.121.2.190
Julia,Greene,jgreenez@arizona.edu,Female,47.69.197.20
Jean,Black,jblack10@yellowbook.com,Female,91.222.240.150
Terry,Mccoy,tmccoy11@utexas.edu,Male,162.37.134.189
Ronald,Wagner,rwagnerdu@gizmodo.com,Male,219.139.229.75
Louis,Sullivan,lsullivandv@seattletimes.com,Male,247.124.195.53
Angela,Stewart,astewartdw@phpbb.com,Female,26.29.41.140
Sara,Carr,scarrdx@nydailynews.com,Female,117.138.102.147
Mildred,George,mgeorgedy@kickstarter.com,Female,250.86.206.220
Keith,Reynolds,kreynoldsdz@china.com.cn,Male,86.61.189.12
Sara,Little,slittlee0@miitbeian.gov.cn,Female,224.60.244.110
Jimmy,Russell,jrusselle1@unc.edu,Male,55.171.104.203
Jessica,Gutierrez,jgutierreze2@kickstarter.com,Female,231.135.128.39
Carl,James,cjamese3@seesaa.net,Male,9.1.203.24
Theresa,Perez,tpereze4@unc.edu,Female,79.162.185.29
Kathy,Robinson,krobinsone5@youtu.be,Female,66.170.124.255
Rose,Gordon,rgordone6@spotify.com,Female,223.29.185.126
Teresa,Hudson,thudsone7@wikimedia.org,Female,213.209.13.69
Teresa,Edwards,tedwardse8@woothemes.com,Female,23.200.233.60
Jonathan,Larson,jlarsone9@constantcontact.com,Male,31.168.53.59
Nancy,Carroll,ncarrollea@sina.com.cn,Female,18.69.172.156
Lawrence,Warren,lwarreneb@ovh.net,Male,203.253.104.175
Aaron,Ferguson,afergusonec@netscape.com,Male,248.82.72.41
Gary,Berry,gberryed@pcworld.com,Male,210.125.163.113
